Modele,FND_s,HND_s,LND_s,PDR_Stable_pct,PDR_Global_pct,AvgDelay_ms,TotalEnergyConsumed_J,TotalPktSent
LEACH,202,702,2707,56.5011,57.8418,9.01973,349.719,61153
HEED,767,2612,0,94.6482,92.1231,9.29231,358.792,154629
Q-Routing,1792,2877,0,95.9369,94.75,14.8621,353.609,122210
DQN-LEACH (baseline DRL),387.00,2172.00,0.00,99.51,92.92,15.88,353.304921,130220
DQN sans PEPM,1437.00,2597.00,3342.00,99.34,96.74,17.66,356.710260,155824
DQN sans Fédération,2047.00,2657.00,3297.00,99.27,95.02,17.95,358.872637,161270
FDQN-noIFO (ablation),737.00,2262.00,3322.00,99.39,93.68,16.37,355.515724,138297
FDQN-TE+ (proposé),2097.00,2627.00,3397.00,99.40,95.73,17.83,358.515513,159753
